state,numcol,yieldpercol,totalprod,year,StateName,nAllNeonic
AL,14000,66,924000,1997,Alabama,6704.8
AL,15000,64,960000,1996,Alabama,371.6
AL,16000,58,928000,1995,Alabama,716.5
AL,11000,56,616000,2007,Alabama,15103.9
AL,11000,72,792000,2006,Alabama,10281.8
AL,12000,86,1032000,2002,Alabama,2019.2
AL,12000,87,1044000,2004,Alabama,7864.2
AL,13000,66,858000,2005,Alabama,7992.0
AL,13000,82,1066000,2003,Alabama,1260.0
AL,14000,73,1022000,2001,Alabama,1490.8
AL,16000,71,1136000,1998,Alabama,1836.3
AL,16000,78,1248000,2000,Alabama,1499.2
AL,17000,68,1156000,1999,Alabama,1251.2
AL,7000,47,329000,2015,Alabama,12077.1
AL,7000,52,364000,2013,Alabama,19479.3
AL,7000,53,371000,2014,Alabama,24911.1
AL,8000,54,432000,2012,Alabama,18049.5
AL,9000,50,450000,2011,Alabama,22484.0
AL,9000,50,450000,2009,Alabama,13155.3
AL,9000,54,486000,2010,Alabama,8329.3
AL,9000,66,594000,2008,Alabama,9109.4
AR,40000,84,3360000,1996,Arkansas,493.6
AR,50000,60,3000000,1995,Arkansas,11115.6
AR,50000,95,4750000,1997,Arkansas,2353.7
AR,21000,65,1365000,2014,Arkansas,56766.9
AR,22000,60,1320000,2013,Arkansas,58521.1
AR,22000,64,1408000,2011,Arkansas,57431.8
AR,24000,57,1368000,2009,Arkansas,35961.9
AR,24000,72,1728000,2015,Arkansas,12427.3
AR,25000,60,1500000,2010,Arkansas,34965.5
AR,25000,63,1575000,2012,Arkansas,51226.5
AR,28000,75,2100000,2008,Arkansas,37361.2
AR,28000,80,2240000,2007,Arkansas,31712.8
AR,32000,76,2432000,2006,Arkansas,33889.5
AR,36000,69,2484000,2005,Arkansas,17652.0
AR,40000,57,2280000,2004,Arkansas,25153.2
AR,40000,75,3.00E+06,2003,Arkansas,5567.4
AR,45000,88,3960000,2002,Arkansas,2876.6
AR,50000,98,4900000,2001,Arkansas,3569.7
AR,52000,89,4628000,1999,Arkansas,692.2
AR,52000,93,4836000,2000,Arkansas,925.2
AR,53000,65,3445000,1998,Arkansas,1262.3
AZ,32000,60,1920000,1996,Arizona,6156.9
AZ,42000,80,3360000,1997,Arizona,10204.2
AZ,47000,59,2773000,1994,Arizona,2653.2
AZ,52000,79,4108000,1995,Arizona,8260.6
AZ,20000,52,1040000,2009,Arizona,11348.1
AZ,22000,46,1012000,2012,Arizona,15238.3
AZ,23000,53,1219000,2011,Arizona,20910.2
AZ,24000,77,1848000,2010,Arizona,12535.0
AZ,25000,64,1600000,2008,Arizona,10524.4
AZ,26000,39,1014000,2014,Arizona,19649.3
AZ,26000,49,1274000,2015,Arizona,15136.5
AZ,29000,36,1044000,2013,Arizona,19569.3
AZ,30000,64,1920000,2007,Arizona,10070.2
AZ,30000,65,1950000,2006,Arizona,13724.3
AZ,32000,55,1760000,2004,Arizona,12874.7
AZ,35000,72,2520000,2003,Arizona,11062.1
AZ,36000,50,1800000,2005,Arizona,11284.3
AZ,38000,63,2394000,2002,Arizona,6939.2
AZ,40000,59,2360000,2000,Arizona,10467.4
AZ,43000,59,2537000,2001,Arizona,3732.7
AZ,52000,62,3224000,1999,Arizona,5171.6
AZ,55000,60,3300000,1998,Arizona,4814.2
CA,390000,70,27300000,1996,California,33002.7
CA,400000,60,24000000,1994,California,2348
CA,420000,75,31500000,1997,California,76719.6
CA,420000,93,39060000,1995,California,28576.6
CA,275000,30,8250000,2015,California,334951.8
CA,320000,39,12480000,2014,California,178152.7
CA,330000,33,10890000,2013,California,167111.2
CA,330000,35,11550000,2012,California,140689.4
CA,340000,40,13600000,2007,California,126006.2
CA,355000,33,11715000,2009,California,88386.0
CA,360000,51,18360000,2008,California,101975.6
CA,370000,48,17760000,2011,California,149528.3
CA,380000,52,19760000,2006,California,64488.1
CA,390000,45,17550000,2004,California,59321.1
CA,4.00E+05,75,3.00E+07,2005,California,62021.8
CA,410000,67,27470000,2010,California,111344.4
CA,440000,70,30800000,2000,California,30796.5
CA,450000,83,37350000,1998,California,61047.2
CA,460000,61,28060000,2001,California,35178.6
CA,465000,60,27900000,1999,California,41778.9
CA,470000,50,23500000,2002,California,44682.6
CA,480000,67,32160000,2003,California,55419.8
CO,30000,74,2220000,1996,Colorado,669.3
CO,35000,55,1925000,1997,Colorado,4357.9
CO,45000,60,2700000,1995,Colorado,655.2
CO,23000,80,1840000,2004,Colorado,5366.0
CO,24000,60,1440000,2002,Colorado,1566.8
CO,24000,86,2064000,2003,Colorado,866.4
CO,25000,48,1200000,2012,Colorado,21385.0
CO,26000,43,1118000,2013,Colorado,19268.3
CO,26000,55,1430000,2001,Colorado,1584.8
CO,27000,37,999000,2014,Colorado,18488.6
CO,27000,45,1215000,2008,Colorado,8292.6
CO,27000,72,1944000,1998,Colorado,1724.5
CO,27000,76,2052000,1999,Colorado,913.9
CO,28000,53,1484000,2009,Colorado,12113.3
CO,28000,70,1960000,2005,Colorado,8374.3
CO,29000,51,1479000,2015,Colorado,4774.8
CO,29000,60,1740000,2000,Colorado,263.8
CO,31000,51,1581000,2007,Colorado,5094.4
CO,31000,55,1705000,2011,Colorado,27480.5
CO,34000,56,1904000,2010,Colorado,24183.8
CO,36000,75,2700000,2006,Colorado,5513.7
FL,230000,84,19320000,1994,Florida,3039.4
FL,230000,86,19780000,1995,Florida,4828.5
FL,240000,67,16080000,1997,Florida,9347.5
FL,240000,105,25200000,1996,Florida,12278.0
FL,150000,79,11850000,2008,Florida,33508.2
FL,160000,71,11360000,2007,Florida,43614.8
FL,160000,86,13760000,2005,Florida,28811.1
FL,170000,68,11560000,2009,Florida,34864.8
FL,170000,81,13770000,2006,Florida,21462.0
FL,180000,61,10980000,2011,Florida,52534.8
FL,193000,64,12352000,2012,Florida,58058.4
FL,2.00E+05,69,13800000,2010,Florida,33995.7
FL,205000,98,20090000,2004,Florida,16997.7
FL,210000,71,14910000,2003,Florida,35597.6
FL,215000,50,10750000,2016,Florida,64318.4
FL,220000,100,2.20E+07,2001,Florida,9378.8
FL,220000,54,11880000,2015,Florida,46749.8
FL,220000,61,13420000,2013,Florida,75748.8
FL,220000,93,20460000,2002,Florida,7856.7
FL,228000,102,23256000,1999,Florida,11173.8
FL,230000,98,22540000,1998,Florida,11049.1
FL,232000,105,24360000,2000,Florida,6003.8
FL,245000,60,14700000,2014,Florida,44672.7
GA,70000,62,4340000,1995,Georgia,0.9
GA,75000,46,3450000,1997,Georgia,10856.3
GA,75000,68,5100000,1996,Georgia,1008.8
GA,50000,52,2600000,2002,Georgia,8185.0
GA,52000,65,3380000,2003,Georgia,13469.9
GA,55000,46,2530000,2010,Georgia,26117.3
GA,55000,57,3135000,2001,Georgia,4127.4
GA,55000,57,3135000,2000,Georgia,3065.3
GA,59000,49,2891000,2005,Georgia,6937.3
GA,59000,51,3009000,2012,Georgia,40839.5
GA,60000,58,3480000,2007,Georgia,17159.8
GA,63000,49,3087000,2004,Georgia,10421.4
GA,63000,74,4662000,2006,Georgia,21680.5
GA,65000,41,2665000,2009,Georgia,23324.2
GA,65000,43,2795000,2011,Georgia,58625.4
GA,65000,51,3315000,1999,Georgia,3647.8
GA,65000,71,4615000,2008,Georgia,18027.3
GA,67000,50,3350000,2013,Georgia,44648.2
GA,69000,40,2760000,2015,Georgia,29646.5
GA,73000,62,4526000,2014,Georgia,51932.7
GA,75000,56,4200000,1998,Georgia,5259.6
GA,96000,39,3744000,2016,Georgia,56815.8
IA,45000,74,3330000,1997,Iowa,47.7
IA,50000,68,3400000,1995,Iowa,23.7
IA,58000,67,3886000,1996,Iowa,38.6
IA,24000,62,1488000,2008,Iowa,150029.0
IA,25000,62,1550000,2011,Iowa,222931.1
IA,26000,42,1092000,2009,Iowa,158088.1
IA,26000,81,2106000,2007,Iowa,92980.3
IA,26000,84,2184000,2006,Iowa,71809.8
IA,27000,49,1323000,2010,Iowa,185031.2
IA,28000,88,2464000,2005,Iowa,53829.4
IA,30000,67,2010000,2000,Iowa,61.4
IA,32000,59,1888000,2003,Iowa,93.0
IA,33000,51,1683000,2001,Iowa,58.2
IA,33000,70,2310000,2002,Iowa,105.8
IA,35000,43,1505000,2014,Iowa,375671.1
IA,35000,67,2345000,2004,Iowa,35238.3
IA,36000,50,1800000,2015,Iowa,10956.3
IA,37000,48,1776000,2016,Iowa,4273.4
IA,37000,61,2257000,2012,Iowa,276854.7
IA,39000,48,1872000,2013,Iowa,335529.9
IA,40000,65,2600000,1999,Iowa,65.5
IA,50000,78,3900000,1998,Iowa,322.4
ID,110000,45,4950000,1996,Idaho,1107.7
ID,120000,64,7680000,1997,Idaho,2210.1
ID,125000,48,6000000,1995,Idaho,182.1
ID,127000,59,7493000,1994,Idaho,52.7
ID,1.00E+05,46,4600000,2003,Idaho,4203.8
ID,1.00E+05,46,4600000,2001,Idaho,2765.5
ID,1.00E+05,47,4700000,2000,Idaho,4524.8
ID,1.00E+05,57,5700000,2002,Idaho,3489.4
ID,1.00E+05,63,6300000,2004,Idaho,4566.5
ID,100000,34,3400000,2014,Idaho,43294.4
ID,103000,46,4738000,2009,Idaho,28885.5
ID,120000,48,5760000,1999,Idaho,906.8
ID,120000,50,6.00E+06,1998,Idaho,2116.3
ID,83000,32,2656000,2013,Idaho,39581.2
ID,87000,36,3132000,2011,Idaho,31885.0
ID,89000,32,2848000,2015,Idaho,21230.8
ID,90000,40,3600000,2008,Idaho,18230.0
ID,92000,32,2944000,2012,Idaho,43390.3
ID,92000,41,3772000,2007,Idaho,10923.7
ID,95000,37,3515000,2005,Idaho,5597.9
ID,95000,44,4180000,2006,Idaho,7928.9
ID,97000,27,2619000,2010,Idaho,30260.6
ID,97000,34,3298000,2016,Idaho,19037.6
IL,7000,69,483000,1997,Illinois,143.2
IL,11000,74,814000,1995,Illinois,50.0
IL,11000,74,814000,1996,Illinois,69.8
IL,10000,48,480000,2016,Illinois,10851.9
IL,10000,66,660000,2006,Illinois,50798.7
IL,6000,76,456000,2001,Illinois,650.8
IL,7000,48,336000,2013,Illinois,333325.6
IL,7000,50,350000,2011,Illinois,227276.1
IL,7000,55,385000,2004,Illinois,49024.5
IL,7000,60,420000,2003,Illinois,858.6
IL,7000,61,427000,2012,Illinois,309854.0
IL,8000,34,272000,2009,Illinois,129031.6
IL,8000,49,392000,2014,Illinois,403011.6
IL,8000,51,408000,2015,Illinois,22796.7
IL,8000,56,448000,2008,Illinois,111509.8
IL,8000,61,488000,2000,Illinois,416.4
IL,8000,85,680000,2005,Illinois,59397.5
IL,9000,41,369000,2010,Illinois,188107.4
IL,9000,63,567000,2007,Illinois,80607.6
IL,9000,66,594000,1999,Illinois,231.0
IL,9000,71,639000,1998,Illinois,200.9
IL,9000,80,720000,2002,Illinois,309.4
IN,8000,71,568000,1997,Indiana,414.7
IN,9000,75,675000,1996,Indiana,617.8
IN,12000,63,756000,1995,Indiana,81.3
IN,10000,43,430000,2010,Indiana,105513.8
IN,10000,81,810000,1999,Indiana,458.3
IN,5000,56,280000,2003,Indiana,576.3
IN,5000,62,310000,2014,Indiana,234848.3
IN,6000,47,282000,2013,Indiana,184126.7
IN,6000,53,318000,2015,Indiana,3752.1
IN,7000,54,378000,2006,Indiana,42630.8
IN,7000,59,413000,2004,Indiana,24730.9
IN,7000,62,434000,2016,Indiana,2748.0
IN,7000,67,469000,2008,Indiana,50642.4
IN,7000,76,532000,2001,Indiana,393.3
IN,8000,51,408000,2011,Indiana,125374.3
IN,8000,53,424000,2007,Indiana,62480.4
IN,8000,59,472000,2012,Indiana,180853.6
IN,8000,62,496000,2002,Indiana,285.9
IN,8000,64,512000,2005,Indiana,48550.7
IN,8000,65,520000,2000,Indiana,228.9
IN,9000,32,288000,2009,Indiana,66226.2
IN,9000,92,828000,1998,Indiana,93.1
KS,16000,51,816000,1996,Kansas,7.6
KS,17000,67,1139000,1995,Kansas,24.4
KS,17000,71,1207000,1997,Kansas,156.7
KS,10000,61,610000,2008,Kansas,36639.9
KS,13000,51,663000,2001,Kansas,46.9
KS,13000,67,871000,1999,Kansas,22.6
KS,14000,40,560000,2007,Kansas,28056.8
KS,14000,55,770000,2006,Kansas,26332.0
KS,14000,80,1120000,2004,Kansas,21711.5
KS,15000,68,1020000,2000,Kansas,28.7
KS,16000,46,736000,1998,Kansas,20.1
KS,16000,50,8.00E+05,2005,Kansas,19101.3
KS,16000,57,912000,2003,Kansas,121.6
KS,17000,52,884000,2002,Kansas,108.3
KS,6000,46,276000,2013,Kansas,130408.6
KS,6000,55,330000,2012,Kansas,115430.2
KS,7000,44,308000,2011,Kansas,73639.1
KS,7000,48,336000,2016,Kansas,4629.8
KS,7000,75,525000,2014,Kansas,145887.5
KS,8000,36,288000,2015,Kansas,4469.1
KS,9000,52,468000,2010,Kansas,55371.6
KS,9000,63,567000,2009,Kansas,59700.2
KY,3000,44,132000,1995,Kentucky,78.8
KY,3000,60,180000,1996,Kentucky,34.5
KY,3000,60,180000,1997,Kentucky,1370.3
KY,3000,41,123000,2013,Kentucky,51718.0
KY,3000,50,150000,1999,Kentucky,4566.6
KY,3000,50,150000,1998,Kentucky,3317.9
KY,4000,39,156000,2011,Kentucky,35711.5
KY,4000,39,156000,2008,Kentucky,12936.8
KY,4000,48,192000,2000,Kentucky,3284.7
KY,4000,61,244000,2007,Kentucky,13924.8
KY,4000,78,312000,2001,Kentucky,2705.4
KY,5000,35,175000,2009,Kentucky,17240.5
KY,5000,46,230000,2016,Kentucky,4845.5
KY,5000,46,230000,2015,Kentucky,4562.2
KY,5000,47,235000,2014,Kentucky,75819.2
KY,5000,48,240000,2003,Kentucky,2330.4
KY,5000,50,250000,2005,Kentucky,4193.3
KY,5000,51,255000,2012,Kentucky,40419.9
KY,5000,54,270000,2002,Kentucky,3000.1
KY,5000,56,280000,2004,Kentucky,5523.5
KY,5000,56,280000,2006,Kentucky,9809.5
KY,5000,67,335000,2010,Kentucky,28909.9
LA,33000,119,3927000,1995,Louisiana,945.9
LA,37000,106,3922000,1996,Louisiana,1406.4
LA,44000,115,5060000,1997,Louisiana,493.8
LA,29000,89,2581000,2007,Louisiana,15299.3
LA,30000,90,2700000,2006,Louisiana,20781.5
LA,34000,90,3060000,2003,Louisiana,2574.4
LA,35000,124,4340000,2002,Louisiana,1605.8
LA,35000,97,3395000,2005,Louisiana,9497.4
LA,35000,98,3430000,2004,Louisiana,13017.1
LA,36000,77,2772000,2011,Louisiana,46751.7
LA,36000,80,2880000,2010,Louisiana,28646.6
LA,37000,103,3811000,2009,Louisiana,24195.4
LA,40000,77,3080000,2008,Louisiana,26733.7
LA,41000,111,4551000,1998,Louisiana,433.8
LA,41000,86,3526000,2012,Louisiana,45566.9
LA,43000,94,4042000,2000,Louisiana,2964.7
LA,44000,99,4356000,2015,Louisiana,13112.3
LA,45000,106,4770000,2001,Louisiana,3264.2
LA,48000,114,5472000,1999,Louisiana,628.4
LA,48000,84,4032000,2014,Louisiana,50077.3
LA,50000,86,4300000,2016,Louisiana,15834.0
LA,50000,98,4900000,2013,Louisiana,37552.1
MD,6000,40,240000,1997,Maryland,475.1
MD,7000,32,224000,1996,Maryland,864.0
MD,7000,35,245000,1995,Maryland,361.9
MD,2000,42,84000,2003,Maryland,268.0
MD,3000,46,138000,2002,Maryland,562.5
MD,4000,46,184000,2001,Maryland,339.5
MD,6000,46,276000,1999,Maryland,313.0
MD,6000,46,276000,2000,Maryland,318.2
MD,7000,44,308000,1998,Maryland,474.7
ME,8000,19,152000,1997,Maine,2408.3
ME,9000,23,207000,1996,Maine,3235.5
ME,11000,45,495000,1995,Maine,2092.3
ME,10000,26,260000,1998,Maine,2915.3
ME,10000,47,470000,2015,Maine,2108.5
ME,11000,20,220000,2001,Maine,3353.3
ME,11000,21,231000,2000,Maine,4299.4
ME,11000,23,253000,2006,Maine,3085.7
ME,11000,41,451000,2002,Maine,4961.0
ME,12000,34,408000,2016,Maine,2520.5
ME,14000,22,308000,1999,Maine,4802.6
ME,4000,30,120000,2011,Maine,5146.3
ME,4000,34,136000,2012,Maine,3774.9
ME,5000,41,205000,2010,Maine,4576.5
ME,6000,50,3.00E+05,2009,Maine,5018.4
ME,7000,31,217000,2004,Maine,5202.1
ME,7000,42,294000,2008,Maine,6593.5
ME,7000,43,301000,2013,Maine,3843.1
ME,8000,26,208000,2005,Maine,3106.7
ME,8000,33,264000,2003,Maine,5262.8
ME,8000,47,376000,2014,Maine,5151.4
ME,9000,26,234000,2007,Maine,2243.6
MI,85000,70,5950000,1997,Michigan,3732.4
MI,90000,96,8640000,1996,Michigan,6142.1
MI,97000,92,8924000,1995,Michigan,1710.1
MI,65000,67,4355000,2004,Michigan,11956.8
MI,65000,68,4420000,2005,Michigan,16791.6
MI,65000,74,4810000,2003,Michigan,4699.3
MI,66000,60,3960000,2009,Michigan,40332.8
MI,71000,58,4118000,2010,Michigan,42550.7
MI,71000,73,5183000,2008,Michigan,32531.8
MI,72000,55,3960000,2006,Michigan,22293.0
MI,72000,64,4608000,2007,Michigan,29333.0
MI,72000,75,5400000,2000,Michigan,5003.6
MI,72000,77,5544000,2002,Michigan,3735.7
MI,73000,57,4161000,2012,Michigan,65881.9
MI,73000,85,6205000,1999,Michigan,3453.0
MI,74000,64,4736000,2011,Michigan,52350.5
MI,76000,60,4560000,2001,Michigan,4116.2
MI,80000,85,6800000,1998,Michigan,5238.3
MI,85000,55,4675000,2013,Michigan,81190.9
MI,89000,60,5340000,2016,Michigan,13769.1
MI,90000,58,5220000,2015,Michigan,18900.1
MI,91000,63,5733000,2014,Michigan,84335.5
MN,145000,73,10585000,1997,Minnesota,4246.7
MN,150000,77,11550000,1996,Minnesota,6288.3
MN,165000,82,13530000,1995,Minnesota,834.7
MN,117000,73,8541000,2002,Minnesota,4874.4
MN,120000,53,6360000,2011,Minnesota,171089.8
MN,120000,74,8880000,2005,Minnesota,27054.5
MN,120000,83,9960000,2003,Minnesota,1768.8
MN,122000,65,7930000,2009,Minnesota,88769.6
MN,122000,68,8296000,2015,Minnesota,19055.2
MN,122000,78,9516000,2008,Minnesota,72192.7
MN,124000,59,7316000,2016,Minnesota,10063.1
MN,125000,67,8375000,2012,Minnesota,190164.9
MN,125000,80,1.00E+07,2006,Minnesota,40110.3
MN,128000,66,8448000,2010,Minnesota,109736.0
MN,130000,58,7540000,2013,Minnesota,199628.6
MN,130000,68,8840000,2007,Minnesota,46841.6
MN,132000,60,7920000,2014,Minnesota,266271.3
MN,135000,75,10125000,2004,Minnesota,13573.6
MN,135000,81,10935000,2001,Minnesota,4105.1
MN,140000,79,11060000,1998,Minnesota,2492.2
MN,145000,82,11890000,1999,Minnesota,5829.8
MN,150000,90,13500000,2000,Minnesota,3226.1
MO,22000,74,1628000,1996,Missouri,374.8
MO,23000,67,1541000,1995,Missouri,262.7
MO,24000,77,1848000,1997,Missouri,465.6
MO,10000,47,470000,2013,Missouri,99192.4
MO,10000,52,520000,2015,Missouri,12230.9
MO,11000,47,517000,2009,Missouri,58784.7
MO,11000,52,572000,2010,Missouri,60174.7
MO,11000,53,583000,2008,Missouri,37611.0
MO,12000,47,564000,2014,Missouri,151688.7
MO,14000,46,644000,2007,Missouri,42642.3
MO,15000,46,690000,2006,Missouri,27482.9
MO,15000,50,750000,2005,Missouri,21720.3
MO,16000,41,656000,2004,Missouri,22759.9
MO,17000,53,901000,2003,Missouri,1094.7
MO,18000,50,9.00E+05,2002,Missouri,1606.0
MO,22000,61,1342000,2001,Missouri,1112.6
MO,23000,66,1518000,1998,Missouri,2264.3
MO,23000,75,1725000,2000,Missouri,2756.9
MO,24000,65,1560000,1999,Missouri,1382.0
MO,7000,53,371000,2012,Missouri,101014.0
MO,8000,43,344000,2011,Missouri,93433.9
MO,8000,62,496000,2016,Missouri,13268.1
MS,16000,70,1120000,1995,Mississippi,1533.6
MS,17000,80,1360000,1996,Mississippi,696.6
MS,19000,73,1387000,1997,Mississippi,2569.0
MS,14000,104,1456000,2009,Mississippi,27676.6
MS,14000,98,1372000,2008,Mississippi,36371.7
MS,14000,98,1372000,2006,Mississippi,36565.3
MS,15000,83,1245000,2015,Mississippi,12170.7
MS,15000,92,1380000,2007,Mississippi,27762.5
MS,16000,80,1280000,2005,Mississippi,30058.0
MS,16000,98,1568000,2010,Mississippi,42906.5
MS,17000,116,1972000,2013,Mississippi,47843.9
MS,17000,66,1122000,2001,Mississippi,4795.9
MS,17000,72,1224000,2000,Mississippi,851.4
MS,18000,115,2070000,2011,Mississippi,52322.7
MS,18000,118,2124000,2012,Mississippi,50137.3
MS,18000,65,1170000,2004,Mississippi,14585.7
MS,18000,73,1314000,1999,Mississippi,2514.3
MS,18000,78,1404000,2002,Mississippi,7697.7
MS,18000,86,1548000,1998,Mississippi,1404.8
MS,19000,85,1615000,2016,Mississippi,35927.8
MS,20000,112,2240000,2014,Mississippi,57454.6
MS,21000,69,1449000,2003,Mississippi,7172.6
MT,106000,80,8480000,1995,Montana,7.9
MT,107000,120,12840000,1997,Montana,128.3
MT,117000,60,7020000,1996,Montana,89.0
MT,115000,122,14030000,1998,Montana,44.5
MT,122000,70,8540000,1999,Montana,264.2
MT,124000,88,10912000,2000,Montana,616.7
MT,130000,67,8710000,2005,Montana,621.9
MT,132000,79,10428000,2006,Montana,401.1
MT,134000,63,8442000,2002,Montana,109.3
MT,134000,70,9380000,2008,Montana,1027.3
MT,135000,68,9180000,2007,Montana,328.3
MT,136000,102,13872000,2001,Montana,302.6
MT,140000,77,10780000,2004,Montana,388.4
MT,145000,52,7540000,2012,Montana,13263.0
MT,145000,66,9570000,2003,Montana,179.1
MT,145000,92,13340000,2011,Montana,12706.5
MT,146000,70,10220000,2009,Montana,5717.4
MT,146000,83,12118000,2015,Montana,1167.9
MT,157000,74,11618000,2010,Montana,12756.1
MT,159000,77,12243000,2016,Montana,309.0
MT,159000,94,14946000,2013,Montana,25425.7
MT,162000,88,14256000,2014,Montana,17883.6
NC,8000,58,464000,1997,North Carolina,8065.8
NC,12000,44,528000,1996,North Carolina,1881.2
NC,12000,52,624000,1995,North Carolina,610.6
NC,10000,38,380000,2013,North Carolina,46818.3
NC,10000,44,440000,2003,North Carolina,3594.7
NC,10000,50,5.00E+05,2006,North Carolina,19809.3
NC,10000,54,540000,2005,North Carolina,11520.3
NC,11000,45,495000,2009,North Carolina,27915.8
NC,11000,49,539000,2000,North Carolina,2145.2
NC,12000,37,444000,2016,North Carolina,38818.9
NC,12000,43,516000,2014,North Carolina,58435.6
NC,12000,45,540000,2015,North Carolina,18844.7
NC,12000,45,540000,2007,North Carolina,19637.4
NC,12000,52,624000,2008,North Carolina,25470.4
NC,13000,39,507000,2012,North Carolina,49150.7
NC,13000,44,572000,2001,North Carolina,3898.4
NC,13000,46,598000,2010,North Carolina,22927.5
NC,14000,62,868000,2011,North Carolina,37683.7
NC,16000,42,672000,2002,North Carolina,5348.2
NC,8000,59,472000,1998,North Carolina,6576.4
NC,9000,40,360000,2004,North Carolina,11303.3
NC,9000,46,414000,1999,North Carolina,3549.8
ND,245000,100,24500000,1997,North Dakota,951
ND,230000,128,29440000,1998,North Dakota,2019.4
ND,255000,105,26775000,1999,North Dakota,7948.8
ND,280000,96,26880000,2001,North Dakota,3216.2
ND,3.00E+05,115,34500000,2000,North Dakota,5383
ND,320000,75,2.40E+07,2002,North Dakota,3736.6
ND,340000,87,29580000,2003,North Dakota,3017.6
ND,350000,74,25900000,2006,North Dakota,14274.1
ND,370000,91,33670000,2005,North Dakota,12786.4
ND,390000,78,30420000,2004,North Dakota,13194.2
ND,4.00E+05,90,3.60E+07,2008,North Dakota,40652.9
ND,420000,74,31080000,2007,North Dakota,22067.0
ND,450000,77,34650000,2009,North Dakota,57265.2
ND,460000,71,32660000,2011,North Dakota,52445.7
ND,480000,69,33120000,2012,North Dakota,96581.7
ND,480000,69,33120000,2013,North Dakota,142936.2
ND,485000,78,37830000,2016,North Dakota,4577.9
ND,490000,74,36260000,2015,North Dakota,16208.7
ND,490000,86,42140000,2014,North Dakota,123512.9
ND,510000,91,46410000,2010,North Dakota,60802.5
NE,60000,73,4380000,1995,Nebraska,30.1
NE,61000,67,4087000,1997,Nebraska,539.3
NE,65000,75,4875000,1996,Nebraska,1.9
NE,36000,67,2412000,2008,Nebraska,82047.8
NE,40000,68,2720000,2005,Nebraska,52884.7
NE,41000,55,2255000,2010,Nebraska,100675.1
NE,41000,59,2419000,2011,Nebraska,138513.3
NE,43000,48,2064000,2001,Nebraska,1575.7
NE,43000,65,2795000,2012,Nebraska,187271.3
NE,43000,75,3225000,2002,Nebraska,669.3
NE,45000,49,2205000,2007,Nebraska,49582.5
NE,45000,74,3330000,2003,Nebraska,544.8
NE,46000,60,2760000,2013,Nebraska,202781.1
NE,47000,73,3431000,2006,Nebraska,34498.1
NE,48000,46,2208000,2016,Nebraska,3587.8
NE,48000,56,2688000,2009,Nebraska,96960.1
NE,50000,75,3750000,2014,Nebraska,225989.3
NE,50000,87,4350000,2000,Nebraska,2204.3
NE,51000,89,4539000,2004,Nebraska,43818.3
NE,57000,48,2736000,2015,Nebraska,6137.8
NE,58000,77,4466000,1999,Nebraska,396.8
NE,64000,70,4480000,1998,Nebraska,591.3
NJ,5000,45,225000,1996,New Jersey,400.7
NJ,8000,34,272000,1995,New Jersey,378.4
NJ,10000,49,490000,1997,New Jersey,179.6
NJ,10000,19,190000,2003,New Jersey,584.4
NJ,10000,44,440000,1999,New Jersey,581.2
NJ,11000,32,352000,2009,New Jersey,2368.5
NJ,11000,34,374000,2001,New Jersey,574.1
NJ,11000,35,385000,2000,New Jersey,935.8
NJ,11000,40,440000,2002,New Jersey,1810.1
NJ,11000,41,451000,2011,New Jersey,2729.8
NJ,11000,44,484000,2013,New Jersey,4026.0
NJ,11000,49,539000,1998,New Jersey,328.8
NJ,12000,27,324000,2016,New Jersey,1313.0
NJ,12000,27,324000,2015,New Jersey,1863.2
NJ,12000,27,324000,2004,New Jersey,1072.0
NJ,12000,30,360000,2014,New Jersey,4459.4
NJ,12000,32,384000,2005,New Jersey,1729.6
NJ,13000,35,455000,2010,New Jersey,2387.5
NJ,14000,33,462000,2012,New Jersey,4703.8
NJ,9000,36,324000,2006,New Jersey,1291.3
NJ,9000,40,360000,2008,New Jersey,1638.4
NJ,9000,57,513000,2007,New Jersey,1304.1
NM,15000,60,900000,1997,New Mexico,1823.6
NM,15000,77,1155000,1996,New Mexico,1547.7
NM,19000,65,1235000,1995,New Mexico,111.2
NM,10000,70,7.00E+05,2001,New Mexico,426.8
NM,11000,44,484000,2002,New Mexico,763.2
NM,14000,55,770000,1998,New Mexico,443.9
NM,15000,52,780000,1999,New Mexico,385.7
NM,15000,64,960000,2000,New Mexico,735.3
NM,5000,52,260000,2012,New Mexico,4495.3
NM,6000,41,246000,2003,New Mexico,807.5
NM,6000,48,288000,2008,New Mexico,4418.8
NM,6000,59,354000,2007,New Mexico,4028.9
NM,7000,48,336000,2006,New Mexico,4096.0
NM,7000,49,343000,2005,New Mexico,4439.0
NM,7000,56,392000,2011,New Mexico,6655.4
NM,7000,60,420000,2009,New Mexico,3937.8
NM,7000,66,462000,2010,New Mexico,3799.8
NM,8000,44,352000,2004,New Mexico,3690.8
NV,10000,29,290000,1995,Nevada,44.4
NV,14000,54,756000,1994,Nevada,0.3
NV,14000,61,854000,1996,Nevada,62.4
NV,14000,61,854000,1997,Nevada,83.7
NV,10000,28,280000,2007,Nevada,120.2
NV,10000,29,290000,2008,Nevada,333.1
NV,10000,35,350000,2000,Nevada,170.2
NV,10000,46,460000,1998,Nevada,274.4
NV,12000,46,552000,2005,Nevada,199.8
NV,14000,55,770000,2004,Nevada,308.4
NV,6000,64,384000,2003,Nevada,223.3
NV,9000,37,333000,2006,Nevada,128.3
NV,9000,45,405000,1999,Nevada,48.4
NV,9000,50,450000,2001,Nevada,208.6
NV,9000,62,558000,2002,Nevada,97.8
NY,68000,80,5440000,1996,New York,2217.1
NY,70000,75,5250000,1995,New York,1232.5
NY,72000,60,4320000,1997,New York,1879.7
NY,45000,64,2880000,2010,New York,19169.3
NY,45000,65,2925000,2009,New York,19949.6
NY,49000,56,2744000,2011,New York,24928.1
NY,50000,70,3500000,2008,New York,16651.1
NY,51000,51,2601000,2012,New York,26144.5
NY,53000,57,3021000,2007,New York,13887.7
NY,53000,70,3710000,2001,New York,3265.2
NY,55000,48,2640000,2013,New York,44323.3
NY,58000,62,3596000,2015,New York,7282.6
NY,58000,64,3712000,2006,New York,10439.9
NY,58000,80,4640000,2000,New York,2148.3
NY,59000,73,4307000,2005,New York,6584.9
NY,60000,55,3300000,2014,New York,41629.0
NY,60000,98,5880000,2002,New York,12637.5
NY,64000,57,3648000,2016,New York,9624.1
NY,64000,67,4288000,2004,New York,3545.0
NY,65000,80,5200000,1998,New York,1608.8
NY,67000,72,4824000,2003,New York,2558.9
NY,69000,70,4830000,1999,New York,2334.9
OH,22000,80,1760000,1997,Ohio,531.6
OH,24000,70,1680000,1996,Ohio,638.6
OH,25000,62,1550000,1995,Ohio,2012.0
OH,11000,50,550000,2009,Ohio,53709.4
OH,14000,53,742000,2008,Ohio,38813.5
OH,14000,56,784000,2006,Ohio,20775.8
OH,14000,61,854000,2007,Ohio,26418.1
OH,15000,50,750000,2003,Ohio,614.6
OH,15000,61,915000,2014,Ohio,127421.8
OH,15000,66,990000,2011,Ohio,80258.2
OH,15000,69,1035000,2005,Ohio,17720.3
OH,15000,79,1185000,2016,Ohio,2173.6
OH,16000,58,928000,2004,Ohio,12495.4
OH,17000,45,765000,2013,Ohio,114539.8
OH,17000,50,850000,2015,Ohio,9126.3
OH,18000,60,1080000,2012,Ohio,102784.0
OH,18000,62,1116000,2010,Ohio,68472.1
OH,18000,65,1170000,2000,Ohio,896.8
OH,18000,70,1260000,2002,Ohio,1179.1
OH,18000,78,1404000,1998,Ohio,1029.2
OH,18000,81,1458000,2001,Ohio,813.6
OH,20000,74,1480000,1999,Ohio,1099.0
OK,4000,58,232000,1997,Oklahoma,1065.1
OK,4000,59,236000,1996,Oklahoma,35
OK,4000,76,304000,1995,Oklahoma,156.3
OK,3000,47,141000,2003,Oklahoma,180.1
OK,3000,53,159000,2002,Oklahoma,210.5
OK,4000,47,188000,2001,Oklahoma,211.3
OK,4000,51,204000,1998,Oklahoma,119.4
OK,6000,45,270000,1999,Oklahoma,153.0
OK,7000,35,245000,2000,Oklahoma,307.5
OR,50000,53,2650000,1997,Oregon,1791.5
OR,50000,65,3250000,1994,Oregon,119.9
OR,52000,52,2704000,1995,Oregon,382.6
OR,55000,59,3245000,1996,Oregon,1050.6
OR,39000,42,1638000,2005,Oregon,3574.5
OR,42000,51,2142000,2003,Oregon,2209.4
OR,42000,54,2268000,2004,Oregon,3056.4
OR,43000,49,2107000,2002,Oregon,2658.8
OR,44000,44,1936000,2001,Oregon,3329.2
OR,45000,57,2565000,1999,Oregon,583.2
OR,46000,43,1978000,2007,Oregon,5084.9
OR,46000,48,2208000,2006,Oregon,3854.4
OR,48000,51,2448000,2000,Oregon,1739.6
OR,50000,43,2150000,2008,Oregon,6011.2
OR,50000,45,2250000,1998,Oregon,1543.1
OR,55000,34,1870000,2009,Oregon,8561.6
OR,59000,39,2301000,2010,Oregon,10001.9
OR,60000,32,1920000,2012,Oregon,13051.4
OR,60000,34,2040000,2011,Oregon,9582.6
OR,62000,35,2170000,2013,Oregon,14557.4
OR,71000,38,2698000,2015,Oregon,5296.7
OR,71000,40,2840000,2014,Oregon,14035.2
OR,74000,35,2590000,2016,Oregon,4852.3
PA,22000,48,1056000,1997,Pennsylvania,1455.3
PA,23000,46,1058000,1996,Pennsylvania,3129.0
PA,25000,43,1075000,1995,Pennsylvania,2086.3
PA,13000,45,585000,2013,Pennsylvania,31220.0
PA,16000,60,960000,2012,Pennsylvania,34370.8
PA,17000,46,782000,2014,Pennsylvania,39879.9
PA,17000,53,901000,2015,Pennsylvania,6974.0
PA,19000,50,950000,2016,Pennsylvania,6658.2
PA,21000,40,840000,2009,Pennsylvania,18720.5
PA,23000,48,1104000,2008,Pennsylvania,16290.5
PA,24000,44,1056000,2011,Pennsylvania,22063.3
PA,25000,42,1050000,2007,Pennsylvania,15885.3
PA,25000,45,1125000,2000,Pennsylvania,1920.9
PA,26000,57,1482000,2001,Pennsylvania,2049.3
PA,26000,66,1716000,1998,Pennsylvania,2068.1
PA,27000,50,1350000,2003,Pennsylvania,2341.0
PA,28000,40,1120000,2006,Pennsylvania,14003.1
PA,28000,56,1568000,2005,Pennsylvania,15806.5
PA,28000,60,1680000,1999,Pennsylvania,2100.5
PA,29000,57,1653000,2002,Pennsylvania,2308.4
PA,30000,37,1110000,2010,Pennsylvania,14978.7
PA,30000,54,1620000,2004,Pennsylvania,8855.0
SC,9000,90,810000,1995,South Carolina,6.4
SC,9000,90,810000,1996,South Carolina,216.7
SC,14000,67,938000,2015,South Carolina,8247.2
SC,16000,45,720000,2016,South Carolina,14270.3
SC,4000,70,280000,2003,South Carolina,890.5
SC,5000,94,470000,2002,South Carolina,771.8
SC,7000,40,280000,2001,South Carolina,631.0
SC,9000,54,486000,2014,South Carolina,16537.1
SD,240000,65,15600000,1997,South Dakota,47
SD,240000,85,20400000,1995,South Dakota,0.4
SD,240000,97,23280000,1996,South Dakota,0.7
SD,215000,105,22575000,2004,South Dakota,11791.6
SD,215000,70,15050000,2003,South Dakota,59.3
SD,220000,79,17380000,2005,South Dakota,23328.9
SD,224000,104,23296000,1999,South Dakota,166.3
SD,225000,47,10575000,2006,South Dakota,19961.6
SD,225000,51,11475000,2002,South Dakota,40.1
SD,225000,95,21375000,1998,South Dakota,29.8
SD,225000,95,21375000,2008,South Dakota,42858.5
SD,235000,121,28435000,2000,South Dakota,339.1
SD,235000,65,15275000,2001,South Dakota,135.9
SD,250000,66,16500000,2011,South Dakota,97262.0
SD,255000,52,13260000,2007,South Dakota,35447.5
SD,260000,63,16380000,2012,South Dakota,134142.7
SD,265000,56,14840000,2013,South Dakota,171974.2
SD,265000,58,15370000,2010,South Dakota,69742.2
SD,270000,66,17820000,2009,South Dakota,66998.6
SD,280000,71,19880000,2016,South Dakota,1215.9
SD,280000,87,24360000,2014,South Dakota,148768.8
SD,290000,66,19140000,2015,South Dakota,9982.8
TN,5000,53,265000,1995,Tennessee,397.0
TN,5000,64,320000,1996,Tennessee,241.1
TN,7000,62,434000,1997,Tennessee,1292.4
TN,6000,40,240000,2003,Tennessee,2459.4
TN,6000,54,324000,2004,Tennessee,18142.9
TN,6000,55,330000,2016,Tennessee,23857.2
TN,6000,61,366000,2012,Tennessee,37826.2
TN,7000,44,308000,2011,Tennessee,35930.5
TN,7000,45,315000,2013,Tennessee,48882.7
TN,7000,51,357000,2009,Tennessee,28242.4
TN,7000,55,385000,2006,Tennessee,21587.1
TN,7000,55,385000,2005,Tennessee,18060.1
TN,7000,59,413000,2015,Tennessee,9326.5
TN,7000,61,427000,2008,Tennessee,18619.7
TN,7000,63,441000,2014,Tennessee,51865.9
TN,7000,64,448000,1998,Tennessee,2954.5
TN,7000,65,455000,2007,Tennessee,19298.7
TN,8000,51,408000,1999,Tennessee,3196.2
TN,8000,59,472000,2001,Tennessee,2256.9
TN,8000,61,488000,2002,Tennessee,3021.4
TN,8000,63,504000,2010,Tennessee,30970.5
TN,9000,61,549000,2000,Tennessee,3094.9
TX,82000,83,6806000,1996,Texas,3467.1
TX,84000,106,8904000,1995,Texas,5934.9
TX,94000,106,9964000,1997,Texas,3650.3
TX,103000,74,7622000,1994,Texas,2050.5
TX,1.00E+05,72,7200000,2010,Texas,75451.3
TX,105000,79,8295000,2000,Texas,8249.2
TX,105000,82,8610000,2007,Texas,69853.0
TX,106000,59,6254000,2013,Texas,142920.9
TX,108000,81,8748000,1999,Texas,19112.6
TX,114000,67,7638000,2002,Texas,9609.9
TX,116000,76,8816000,2004,Texas,79487.5
TX,116000,78,9048000,2014,Texas,164057.1
TX,126000,66,8316000,2015,Texas,47419.7
TX,133000,70,9310000,2016,Texas,22779.8
TX,140000,67,9380000,2003,Texas,8402.1
TX,77000,64,4928000,2008,Texas,52012.0
TX,78000,58,4524000,2011,Texas,96401.8
TX,82000,70,5740000,2006,Texas,45393.8
TX,84000,71,5964000,2005,Texas,70385.6
TX,89000,63,5607000,2009,Texas,67502.9
TX,91000,77,7007000,1998,Texas,6069.7
TX,92000,52,4784000,2012,Texas,126923.7
TX,97000,79,7663000,2001,Texas,18885.2
UT,32000,33,1056000,1995,Utah,646.9
UT,32000,52,1664000,1997,Utah,141.6
UT,34000,46,1564000,1996,Utah,113.2
UT,22000,59,1298000,2002,Utah,45.9
UT,23000,38,874000,2001,Utah,11.6
UT,23000,39,897000,2011,Utah,626.7
UT,24000,41,984000,2000,Utah,88.7
UT,24000,45,1080000,2005,Utah,154.0
UT,24000,70,1680000,2004,Utah,179.0
UT,25000,38,950000,2012,Utah,1533.2
UT,25000,57,1425000,2003,Utah,59.6
UT,26000,30,780000,2010,Utah,595.8
UT,26000,38,988000,2009,Utah,340.9
UT,26000,45,1170000,1999,Utah,19.8
UT,26000,50,1300000,2006,Utah,130.8
UT,27000,42,1134000,2015,Utah,223.8
UT,28000,42,1176000,2007,Utah,44.8
UT,28000,48,1344000,2008,Utah,283.0
UT,29000,28,812000,2014,Utah,1751.5
UT,30000,34,1020000,2013,Utah,1639.7
UT,30000,58,1740000,1998,Utah,61.6
UT,31000,32,992000,2016,Utah,95.5
VA,7000,50,350000,1996,Virginia,756.3
VA,8000,53,424000,1997,Virginia,1444.6
VA,9000,45,405000,1995,Virginia,1347.7
VA,4000,40,160000,2011,Virginia,14200.5
VA,4000,41,164000,2012,Virginia,13324.7
VA,5000,35,175000,2013,Virginia,15530.1
VA,5000,37,185000,2010,Virginia,7700.5
VA,5000,38,190000,2016,Virginia,9771.90000000001
VA,6000,37,222000,2003,Virginia,1206.1
VA,6000,38,228000,2015,Virginia,6504.2
VA,6000,39,234000,2009,Virginia,9561.8
VA,6000,41,246000,2014,Virginia,22209.6
VA,6000,42,252000,2008,Virginia,8360.8
VA,6000,46,276000,2007,Virginia,8241.7
VA,7000,35,245000,1999,Virginia,835.5
VA,7000,38,266000,2004,Virginia,3549.0
VA,7000,42,294000,2000,Virginia,1660.0
VA,8000,37,296000,2005,Virginia,3927.0
VA,8000,37,296000,1998,Virginia,2842.2
VA,8000,38,304000,2002,Virginia,3320.8
VA,8000,42,336000,2006,Virginia,8223.5
VA,9000,52,468000,2001,Virginia,1708.9
VT,4000,83,332000,1996,Vermont,510.2
VT,5000,63,315000,1997,Vermont,68.3
VT,5000,67,335000,1995,Vermont,10.4
VT,3000,51,153000,2013,Vermont,1978.5
VT,3000,58,174000,2014,Vermont,2011.0
VT,4000,43,172000,2011,Vermont,745.7
VT,4000,60,240000,2012,Vermont,799.5
VT,4000,65,260000,2010,Vermont,843.2
VT,5000,49,245000,2009,Vermont,634.7
VT,5000,52,260000,2015,Vermont,217.9
VT,5000,64,320000,2007,Vermont,1019.7
VT,5000,66,330000,2008,Vermont,512.0
VT,6000,52,312000,2016,Vermont,113.0
VT,6000,56,336000,2006,Vermont,683.0
VT,6000,64,384000,1998,Vermont,3.2
VT,6000,66,396000,1999,Vermont,14.4
VT,6000,68,408000,2004,Vermont,307.3
VT,6000,91,546000,2005,Vermont,1319.7
VT,7000,59,413000,2000,Vermont,41.6
VT,7000,81,567000,2001,Vermont,69.8
VT,7000,83,581000,2003,Vermont,22.9
VT,7000,89,623000,2002,Vermont,39.7
WA,57000,58,3306000,1996,Washington,4718.4
WA,60000,52,3120000,1997,Washington,16320.3
WA,60000,59,3540000,1995,Washington,3186.6
WA,60000,62,3720000,1994,Washington,943.2
WA,46000,44,2024000,2007,Washington,21715.4
WA,48000,52,2496000,2001,Washington,6781.8
WA,49000,44,2156000,2008,Washington,16467.1
WA,49000,52,2548000,2006,Washington,13220.6
WA,50000,51,2550000,2002,Washington,9414.3
WA,51000,55,2805000,2005,Washington,20763.1
WA,52000,50,2600000,1999,Washington,3698.9
WA,52000,54,2808000,2000,Washington,10588.6
WA,56000,63,3528000,2004,Washington,15616.6
WA,58000,51,2958000,1998,Washington,24933.7
WA,58000,56,3248000,2003,Washington,13587.0
WA,62000,41,2542000,2012,Washington,48557.1
WA,62000,44,2728000,2009,Washington,27783.0
WA,68000,44,2992000,2014,Washington,43536.0
WA,69000,39,2691000,2013,Washington,45495.5
WA,71000,37,2627000,2010,Washington,30144.5
WA,71000,38,2698000,2011,Washington,39097.3
WA,73000,44,3212000,2015,Washington,31717.8
WA,84000,35,2940000,2016,Washington,28020.5
WI,69000,78,5382000,1996,Wisconsin,4545.6
WI,73000,79,5767000,1995,Wisconsin,894.0
WI,79000,60,4740000,1997,Wisconsin,4965.0
WI,52000,67,3484000,2015,Wisconsin,12152.3
WI,53000,54,2862000,2014,Wisconsin,81672.0
WI,54000,62,3348000,2016,Wisconsin,7281.6
WI,57000,63,3591000,2011,Wisconsin,46319.7
WI,58000,80,4640000,2008,Wisconsin,40569.4
WI,59000,60,3540000,2013,Wisconsin,78048.2
WI,60000,69,4140000,2012,Wisconsin,65194.8
WI,60000,84,5040000,2007,Wisconsin,22908.3
WI,63000,60,3780000,2009,Wisconsin,46176.9
WI,64000,64,4096000,2010,Wisconsin,41770.4
WI,64000,83,5312000,2005,Wisconsin,17162.5
WI,64000,93,5952000,2006,Wisconsin,20180.0
WI,67000,81,5427000,2001,Wisconsin,6313.5
WI,68000,86,5848000,2004,Wisconsin,12601.9
WI,70000,95,6650000,2002,Wisconsin,4335.7
WI,74000,77,5698000,2003,Wisconsin,5214.2
WI,80000,75,6.00E+06,1999,Wisconsin,3660.9
WI,84000,90,7560000,2000,Wisconsin,9522.6
WI,89000,91,8099000,1998,Wisconsin,4283.2
WV,8000,70,560000,1997,West Virginia,144.8
WV,10000,59,590000,1996,West Virginia,515.4
WV,13000,41,533000,1995,West Virginia,322.0
WV,4000,53,212000,2011,West Virginia,1216.0
WV,5000,32,160000,2016,West Virginia,520.000000000001
WV,5000,35,175000,2015,West Virginia,1132.8
WV,5000,37,185000,2009,West Virginia,921.7
WV,5000,40,2.00E+05,2010,West Virginia,866.3
WV,6000,31,186000,2014,West Virginia,2652.0
WV,6000,39,234000,1999,West Virginia,251.2
WV,6000,42,252000,2006,West Virginia,683.9
WV,6000,43,258000,2008,West Virginia,791.2
WV,6000,46,276000,2013,West Virginia,1631.8
WV,6000,48,288000,2007,West Virginia,849.5
WV,6000,48,288000,2012,West Virginia,1751.5
WV,6000,55,330000,1998,West Virginia,120.7
WV,7000,54,378000,2000,West Virginia,130.0
WV,7000,65,455000,2001,West Virginia,62.0
WV,8000,47,376000,2003,West Virginia,185.9
WV,8000,51,408000,2005,West Virginia,609.3
WV,9000,51,459000,2002,West Virginia,82.3
WV,9000,55,495000,2004,West Virginia,412.5
WY,38000,36,1368000,1995,Wyoming,0
WY,38000,62,2356000,1997,Wyoming,52.3
WY,40000,73,2920000,1996,Wyoming,0
WY,34000,36,1224000,2010,Wyoming,1548.1
WY,35000,54,1890000,2011,Wyoming,1192.5
WY,37000,48,1776000,2009,Wyoming,1508.1
WY,37000,72,2664000,1999,Wyoming,23.2
WY,38000,61,2318000,2014,Wyoming,2086.3
WY,38000,63,2394000,2002,Wyoming,67.4
WY,38000,77,2926000,2015,Wyoming,133.4
WY,38000,77,2926000,2001,Wyoming,193.1
WY,39000,61,2379000,2008,Wyoming,1294.0
WY,39000,75,2925000,2004,Wyoming,425.1
WY,39000,81,3159000,2003,Wyoming,54.1
WY,39000,85,3315000,2006,Wyoming,333.7
WY,39000,93,3627000,2000,Wyoming,44.5
WY,40000,56,2240000,2005,Wyoming,386.9
WY,40000,68,2720000,2016,Wyoming,36.9
WY,43000,80,3440000,2007,Wyoming,396.8
WY,46000,60,2760000,1998,Wyoming,91.2
WY,47000,66,3102000,2013,Wyoming,1523.0
WY,50000,51,2550000,2012,Wyoming,1875.2
